{
	"class_name" : "PinholeCameraParameters",
	"extrinsic" : 
	[
		0.87380157557442983,
		-0.48533122299192283,
		0.030404119997273972,
		0.0,
		-0.21657596468454807,
		-0.33242383973289574,
		0.91792659962449907,
		0.0,
		-0.43539138489938167,
		-0.80867051063236051,
		-0.39558355272811319,
		0.0,
		5.4533777111746957,
		81.506941696251644,
		193.02785780945493,
		1.0
	],
	"intrinsic" : 
	{
		"height" : 1055,
		"intrinsic_matrix" : 
		[
			913.65680099258282,
			0.0,
			0.0,
			0.0,
			913.65680099258282,
			0.0,
			959.5,
			527.0,
			1.0
		],
		"width" : 1920
	},
	"version_major" : 1,
	"version_minor" : 0
}