{
	"class_name" : "PinholeCameraParameters",
	"extrinsic" : 
	[
		0.95715571674886812,
		-0.25356415328518983,
		0.1398504703736301,
		0.0,
		-0.24428335950949298,
		-0.44770847749710041,
		0.86016437931594469,
		0.0,
		-0.15549461135909703,
		-0.85747439573785134,
		-0.49046823188896777,
		0.0,
		-28.071705611917441,
		82.404134572776783,
		194.75502642843745,
		1.0
	],
	"intrinsic" : 
	{
		"height" : 1055,
		"intrinsic_matrix" : 
		[
			913.65680099258282,
			0.0,
			0.0,
			0.0,
			913.65680099258282,
			0.0,
			959.5,
			527.0,
			1.0
		],
		"width" : 1920
	},
	"version_major" : 1,
	"version_minor" : 0
}